{"0":[[[0.112060546875,494.100189208984],[1279.8876953125,522.899047851563]],[[1279,437],[0,384]]],"1":[[[0,384],[1279,440]],[[0.112060546875,494.100189208984],[1279.8876953125,522.899047851563]]],"10":[[[0.112060546875,499.100189208984],[1279.8876953125,527.899047851563]],[[0,388],[1280,439]]],"11":[[[0.112060546875,499.100189208984],[1279.8876953125,527.899047851563]],[[0,388],[1280,439]]],"12":[[[0.112060546875,499.100189208984],[1279.8876953125,527.899047851563]],[[0,384.5],[1280,435.5]]],"13":[[[0.112060546875,499.100189208984],[1279.8876953125,527.899047851563]],[[0,384.5],[1280,435.5]]],"14":[[[0.112060546875,508.600189208984],[1279.8876953125,537.399047851563]],[[0,378],[1280,429]]],"15":[[[0.112060546875,512.100219726563],[1279.8876953125,540.899047851563]],[[2,364],[1280,428]]],"16":[[[0.112060546875,512.100219726563],[1279.8876953125,540.899047851563]],[[2,364],[1280,428]]],"17":[[[0.112060546875,512.100219726563],[1279.8876953125,540.899047851563]],[[2,362],[1281,417]]],"18":[[[0.112060546875,504.600219726563],[1279.8876953125,533.399047851563]],[[2,357],[1281,412]]],"19":[[[0.112060546875,498.100219726563],[1279.8876953125,526.899047851563]],[[0,356.5],[1281,404.5]]],"2":[[[0,384],[1279,440]],[[0.112060546875,494.100189208984],[1279.8876953125,522.899047851563]]],"20":[[[-0.0001220703125,492.499420166016],[1279.99963378906,508.499420166016]],[[0,356],[1281,404]]],"21":[[[0,356],[1281,404]],[[3,486],[1277,478]]],"22":[[[0,356],[1281,404]],[[5,468],[1279,479]]],"23":[[[0,350.5],[1281,398.5]],[[2,457],[1280,481]]],"24":[[[0,347],[1281,395]],[[3,448],[1279,479]]],"25":[[[0,347],[1281,395]],[[1312,530]],[[2,450],[1279,477]]],"26":[[[0,347],[1281,395]],[[2,442],[1278,472]]],"27":[[[0,347],[1281,395]],[[2,436],[1284,471]]],"28":[[[0,343.5],[1281,391.5]],[[2,426],[1282,468]]],"29":[[[0,343.5],[1281,391.5]],[[1,429],[1283,469]]],"3":[[[0,384],[1279,440]],[[0.112060546875,494.100189208984],[1279.8876953125,522.899047851563]]],"30":[[[0,345],[1281,393]],[[2,430],[1278,479]]],"31":[[[0,345],[1281,393]],[[2,427],[1278,474]]],"32":[[[0,345],[1281,393]],[[1279,470],[0,429]]],"33":[[[0,345],[1281,393]],[[1278,474],[0,422]]],"34":[[[0,345],[1281,393]],[[5,423],[1281,466]]],"35":[[[0,345],[1281,393]],[[1,426],[1283,468]]],"36":[[[0,345],[1281,393]],[[1279,467],[0,428]]],"37":[[[-0.11212158203125,342.702545166016],[1281.11193847656,384.297149658203]],[[1278,463],[0,427]]],"38":[[[-0.11212158203125,342.702545166016],[1281.11193847656,384.297149658203]],[[1279,458],[0,423]]],"39":[[[-0.11212158203125,337.202545166016],[1281.11193847656,378.797149658203]],[[1279,452],[0,418]]],"4":[[[0.112060546875,494.100189208984],[1279.8876953125,522.899047851563]],[[0,387],[1280,438]]],"40":[[[-0.11212158203125,337.202545166016],[1281.11193847656,378.797149658203]],[[1278,458],[0,418]]],"41":[[[-0.11212158203125,337.202545166016],[1281.11193847656,378.797149658203]],[[0,422],[1280,463]]],"42":[[[0.39990234375,417.003814697266],[1279.599609375,464.995269775391]],[[-0.11212158203125,341.702545166016],[1281.11193847656,383.297149658203]]],"43":[[[-0.11212158203125,351.702545166016],[1281.11193847656,393.297149658203]],[[2,419],[1280,461]]],"44":[[[-0.11212158203125,351.702545166016],[1281.11193847656,393.297149658203]],[[2,419],[1280,461]]],"45":[[[-0.11212158203125,351.702545166016],[1281.11193847656,393.297149658203]],[[2,419],[1280,461]]],"46":[[[-0.11212158203125,351.702545166016],[1281.11193847656,393.297149658203]],[[1,437],[1281,476]]],"47":[[[-0.1123046875,359.702453613281],[1281.1123046875,401.297119140625]],[[1,437],[1281,476]]],"48":[[[-0.1123046875,359.702453613281],[1281.1123046875,401.297119140625]],[[1,437],[1281,476]]],"49":[[[-0.1123046875,361.702453613281],[1281.1123046875,403.297119140625]],[[1,437],[1281,476]]],"5":[[[0.112060546875,494.600189208984],[1279.8876953125,523.399047851563]],[[0,388],[1280,439]]],"50":[[[-0.1123046875,367.702453613281],[1281.1123046875,409.297119140625]],[[1,437],[1281,476]]],"51":[[[-0.1123046875,367.702453613281],[1281.1123046875,409.297119140625]],[[1,437],[1281,476]]],"52":[[[-0.1123046875,371.202453613281],[1281.1123046875,412.797119140625]],[[1,437],[1281,476]]],"53":[[[1,437],[1281,476]],[[0,376],[1280,411]]],"54":[[[1,437],[1281,476]],[[-0.1431884765625,386.900512695313],[1280.14306640625,409.099060058594]]],"55":[[[1,444.5],[1281,483.5]],[[-0.1431884765625,386.900512695313],[1280.14306640625,409.099060058594]]],"56":[[[1,452],[1281,491]],[[-0.1431884765625,383.400512695313],[1280.14306640625,405.599060058594]]],"57":[[[1,452],[1281,491]],[[-0.1431884765625,383.400512695313],[1280.14306640625,405.599060058594]]],"58":[[[1,452],[1281,491]],[[-0.1431884765625,383.400512695313],[1280.14306640625,405.599060058594]]],"59":[[[1,452],[1281,491]],[[-0.1431884765625,383.400512695313],[1280.14306640625,405.599060058594]]],"6":[[[0.112060546875,497.100189208984],[1279.8876953125,525.899047851563]],[[0,388],[1280,439]]],"60":[[[1,452],[1281,491]],[[-0.1431884765625,383.400512695313],[1280.14306640625,405.599060058594]]],"61":[[[1,452],[1281,491]],[[1278,401],[0,389]]],"62":[[[1,452],[1281,491]],[[1278,401],[0,389]]],"63":[[[1,452],[1281,491]],[[1278,401],[0,389]]],"64":[[[1,452],[1281,491]],[[1278,398.5],[0,386.5]]],"65":[[[1,452],[1281,491]],[[1278,398.5],[0,386.5]]],"66":[[[1,452],[1281,491]],[[1279,392],[0,394]]],"67":[[[1,452],[1281,491]],[[1279,388],[0,390]]],"68":[[[1279,384.5],[0,386.5]],[[1281,480.5],[0,452.5]]],"69":[[[1279,381.5],[0,383.5]],[[1281,472],[0,444]]],"7":[[[0.112060546875,499.100189208984],[1279.8876953125,527.899047851563]],[[0,388],[1280,439]]],"70":[[[1281,472],[0,444]],[[1277,370],[1,380]]],"71":[[[1281,472],[0,444]],[[1277,366.5],[1,376.5]]],"72":[[[2,377],[1284,366]],[[0,440],[1279,468]],[[659,575],[1285,589]]],"73":[[[2,372.5],[1284,361.5]],[[0,437],[1279,465]],[[447,567],[1282,584]]],"74":[[[2,372.5],[1284,361.5]],[[0,437],[1279,465]],[[216,558]],[[1279,584],[212,564]]],"75":[[[2,368.5],[1284,357.5]],[[0,437],[1279,465]],[[1275,604],[211,557]]],"76":[[[2,368.5],[1284,357.5]],[[0,437],[1279,465]],[[1277,606],[53,554]]],"77":[[[2,368.5],[1284,357.5]],[[0,437],[1279,465]],[[51,555],[1279,606]]],"78":[[[2,368.5],[1284,357.5]],[[0,437],[1279,465]],[[1280,604],[0,555]]],"79":[[[2,364],[1284,353]],[[0,437],[1279,465]],[[1280,602],[0,556]]],"8":[[[0.112060546875,499.100189208984],[1279.8876953125,527.899047851563]],[[0,388],[1280,439]]],"80":[[[-0.5,362],[1281.5,351]],[[0,437],[1279,465]],[[1280,602],[0,556]]],"81":[[[0,437],[1279,465]],[[1279.876953125,615.199645996094],[0.1229248046875,562.800231933594]],[[1282,352],[0,363]]],"82":[[[0,437],[1279,465]],[[1280,619],[0,573]],[[1280,337],[0,355]]],"83":[[[0,437],[1279,465]],[[1280,617.5],[0,571.5]],[[1279,335],[0,344]]],"84":[[[0,437],[1279,465]],[[1278,614],[0,577]],[[1279,328],[0,333]]],"85":[[[-0.06201171875,435.697540283203],[1279.06201171875,457.302032470703]],[[1278,614],[0,577]],[[1279.00439453125,325.697326660156],[-0.00445556640625,324.302185058594]]],"86":[[[-0.13800048828125,442.093322753906],[1279.13781738281,450.905883789063]],[[1280,611],[0,591]],[[1278,324],[0,317]]],"87":[[[-0.13800048828125,442.093322753906],[1279.13781738281,450.905883789063]],[[1280,611],[0,591]],[[3,313],[1280,324]]],"88":[[[-0.13800048828125,442.093322753906],[1279.13781738281,450.905883789063]],[[1280.06774902344,594.599609375],[-0.06805419921875,587.400390625]],[[3,312],[1280,323]]],"89":[[[-0.13800048828125,442.093322753906],[1279.13781738281,450.905883789063]],[[1280.06774902344,594.599609375],[-0.06805419921875,587.400390625]],[[3,312],[1280,323]]],"9":[[[0.112060546875,499.100189208984],[1279.8876953125,527.899047851563]],[[0,388],[1280,439]]],"90":[[[-0.13800048828125,442.093322753906],[1279.13781738281,450.905883789063]],[[1280.06774902344,588.599609375],[-0.06805419921875,581.400390625]],[[1279,334],[0,321]]],